text,category,risk_level,risk_score,is_fraud
"Dear customer, you won Rs 25,000 cash prize! Scan this QR code and enter your UPI PIN to claim reward immediately: http://paytm-reward-claim.xyz",UPI_Fraud,Critical,95,1
"Dear user, your HDFC bank account debited by INR 15,000 to merchant Flipkart India Pvt Ltd. Avail Bal: INR 45,210. Ref: 4091823910.",Legitimate_Message,Low,10,0
"Hello sir, I am calling from SBI Bank. Your KYC is expired. Update immediately at http://sbi-kyc-verify-portal.net or your card will be blocked.",KYC_Impersonation,Critical,92,1
"Hi mom, I lost my phone and this is my new temporary number. Please send Rs 10000 urgently to this UPI id mule992@paytm.",UPI_Fraud,High,88,1
"Your electricity power will be disconnected tonight at 9:30 PM because previous bill was not updated. Call electricity officer at 9812345678 immediately.",KYC_Impersonation,High,89,1
"Join our VIP WhatsApp group and earn guaranteed 300% daily profit on crypto and stock signals. Minimum deposit Rs 5000 to http://apex-wealth-trade.org",Investment_Scam,Critical,96,1
"Your Swiggy order #98124 has been delivered by delivery partner Ramesh. Enjoy your meal!",Legitimate_Message,Low,5,0
"URGENT: Part time work from home opportunity. Like YouTube videos and earn Rs 3000 to Rs 8000 daily. Contact on Telegram @EarnFastIndia",Job_Offer_Scam,High,85,1
"Google Verification Code is 849201. Do not share this code with anyone including bank staff.",Legitimate_Message,Low,8,0
"You have an unpaid traffic challan of Rs 1000 for vehicle DL01AB1234. Download mParivahan APK from http://echallan-pay-gov.in/app.apk to clear fine.",Phishing_Scam,Critical,94,1
"Congratulations! Selected for Amazon Remote Job. Daily salary Rs 4500. Pay Rs 499 registration fee to UPI amazon-hr@ybl to start.",Job_Offer_Scam,Critical,91,1
"Your Netflix subscription has expired. Update your payment card details now at http://netflix-billing-renew.cc to avoid account cancellation.",Phishing_Scam,High,87,1
"Dear Employee, your company Outlook email password expires in 2 hours. Validate your credentials at http://corp-verify-login.me immediately.",Phishing_Scam,High,89,1
"Hey, are we still meeting today at 5 PM for the project discussion at library?",Legitimate_Message,Low,5,0
"Free 5G recharge of 3 months for Airtel, Jio, and VI users on occasion of festival! Click http://free-5g-recharge-offer.online to activate now.",Phishing_Scam,High,86,1
"Dear customer, your credit card reward points worth Rs 9,850 are expiring today. Redeem to cash instantly at http://reward-redeem-bank.com",Phishing_Scam,High,88,1
"Your OTP for payment of INR 450.00 to Uber India on card ending with 4821 is 391048.",Legitimate_Message,Low,8,0
"Income Tax Department Notice: Tax refund of Rs 15,480 approved. Submit your bank account and debit card details at http://incometax-refund-gov.in",Phishing_Scam,Critical,96,1
"Earn Rs 50,000 per month by doing simple data entry and typing work from mobile phone. No experience needed. WhatsApp us on +919876543210.",Job_Offer_Scam,High,84,1
"Your parcel could not be delivered due to incorrect house address. Update address and pay re-delivery fee of Rs 15 at http://indiapost-parcel-tracking.vip",Phishing_Scam,Critical,93,1
"Doctor appointment confirmed for Tomorrow at 10:30 AM with Dr. Sharma at City Care Clinic.",Legitimate_Message,Low,5,0
"I am officer Kumar from Cyber Crime Cell. A money laundering case is filed on your Aadhaar card. Transfer penalty to safe account fastpay@icici to avoid arrest.",KYC_Impersonation,Critical,98,1
"Earn 50% weekly returns on automated Forex trading robot. 100% risk free guarantee. Contact @forex_guru_vip on Telegram.",Investment_Scam,High,90,1
"Your ICICI Bank A/C XX9012 credited by INR 75,000 on 28-Aug-2026. Txn ID 8492019482. Info: SALARY AUG 2026.",Legitimate_Message,Low,5,0
"Scan this QR to receive Rs 5000 cashback from PhonePe reward program. Remember to input your 6 digit UPI PIN to receive money.",UPI_Fraud,Critical,97,1
"Dear user, your SIM card KYC will be suspended in 24 hours. Contact customer care executive at 9988776655 to complete verification.",KYC_Impersonation,High,88,1
"Congratulations! You won iPhone 16 Pro in Diwali Lucky Draw. Claim your gift by paying shipping fee of Rs 999 to UPI giftclaim@okaxis",UPI_Fraud,High,90,1
"Your flight 6E-204 from Delhi to Mumbai is on time. Gate 4B, Boarding starts at 14:15 hrs.",Legitimate_Message,Low,5,0
"Your loan application of Rs 5,00,000 is pre-approved with zero interest. Download instant loan app at http://quick-cash-loan-approval.xyz/app",Phishing_Scam,High,88,1
"Please review the attached project presentation deck and share your feedback before the team meeting tomorrow.",Legitimate_Message,Low,5,0
"URGENT: Fedex parcel containing illegal narcotics seized in Mumbai under your name. Pay bond money to CBI clearing VPA cbi-verification@sbi to cancel FIR.",KYC_Impersonation,Critical,99,1
"Dear cardholder, your credit limit increased to Rs 3,00,000. Click http://card-limit-upgrade-axis.com and enter CVV and OTP to activate.",Phishing_Scam,Critical,95,1
"Hey bro, can you transfer Rs 200 for lunch? I will pay you back once I reach home in evening.",Legitimate_Message,Low,12,0
"Invest in Government subsidized Solar Energy Token and get 5x guaranteed returns in 30 days. Register at http://solar-green-token.biz",Investment_Scam,High,87,1
"Important: Your SBI net banking account has been temporarily locked due to suspicious login. Re-enable at http://sbi-retail-security.net",Phishing_Scam,Critical,94,1
"Order placed successfully on Zomato. Your food from Biryani By Kilo will arrive in 35 mins.",Legitimate_Message,Low,5,0
"Work 1 hour daily writing reviews for Google Maps locations and earn Rs 1500 per day. Joining bonus Rs 500. Message on Telegram @ReviewEarnIndia",Job_Offer_Scam,High,86,1
"Security Alert: A new login to your Instagram account was detected from iPhone in Moscow, Russia. If not you, secure at http://instagram-checkpoint-help.cc",Phishing_Scam,High,89,1
"Dear user, Rs 2000 debited from your Paytm wallet for metro smart card recharge. Txn ID: 948201849.",Legitimate_Message,Low,5,0
"You have received payment request of Rs 12,000 from Merchant OLX Buyer. Accept request and enter UPI PIN to receive money in bank.",UPI_Fraud,Critical,96,1
"Can you please send the notes for Computer Networks unit 3 before class tomorrow?",Legitimate_Message,Low,5,0
"Air India: Web check-in is now open for your upcoming flight AI-802. Click official link https://airindia.com to select seats.",Legitimate_Message,Low,5,0
"Exclusive crypto arbitrage bot. Deposit 100 USDT and receive 250 USDT back within 2 hours. Transfer to wallet TRC20 0x8492019482910.",Investment_Scam,Critical,95,1
"Your Aadhaar card has been unlinked from your mobile number. Update Aadhaar biometrics immediately by clicking http://uidai-aadhaar-portal-verify.in",KYC_Impersonation,Critical,93,1
"Meeting rescheduled to Wednesday 3:00 PM in Conference Room B. Please confirm your availability.",Legitimate_Message,Low,5,0
"Hi, I accidentally sent Rs 15,000 to your Google Pay number. Please be kind and refund it immediately to my sister's UPI id refund-pay@ybl",UPI_Fraud,High,89,1
"Train ticket confirmed. PNR: 2849104829, Train: 12952 Mumbai Rajdhani, Coach: B3, Berth: 42 (MB). Have a pleasant journey.",Legitimate_Message,Low,5,0
"Earn passive income with Gold Mining AI Robot. 10% daily ROI guaranteed with instant daily withdrawal to USDT wallet.",Investment_Scam,Critical,94,1
"Dear customer, your request for Cheque Book dispatch has been processed. Expected delivery within 3 working days via Speed Post.",Legitimate_Message,Low,5,0
"Dear student, your university scholarship of Rs 40,000 is approved. Pay Rs 850 processing charge to UPI scholarship-fee@okicici to disburse.",UPI_Fraud,Critical,91,1
